Date,Sales_Amount,Marketing_Spend,Active_Customers,Seasonal_Event
2020-01-01,1743.0644,25.24,137,New Year
2020-02-01,356.8688,24.43,54,None
2020-03-01,377.5086,19.21,87,None
2020-04-01,5778.4782,131.14,75,Ugadi
2020-05-01,2356.932,91.81,142,None
2020-06-01,865.54,17.85,72,None
2020-07-01,4613.994,97.84,86,None
2020-08-01,2410.8618,77.03,115,Independence Day
2020-09-01,1948.1308,47.95,52,None
2020-10-01,1937.478,135.29,103,Diwali
2020-11-01,210.3928,33.85,77,None
2020-12-01,255.0014,111.13,144,Christmas
2021-01-01,4541.4218,98.47,153,New Year
2021-02-01,657.8104,20.23,100,None
2021-03-01,578.5802,20.14,80,None
2021-04-01,4229.1616,114.05,105,Ugadi
2021-05-01,1267.0174,41.96,126,None
2021-06-01,2388.8904,46.9,117,None
2021-07-01,1797.66,50.19,96,None
2021-08-01,4447.544,75.74,81,Independence Day
2021-09-01,2570.6538,73.28,90,None
2021-10-01,1779.6834,85.68,72,Diwali
2021-11-01,4211.185,66.82,121,None
2021-12-01,3912.2408,69.21,117,Christmas
2022-01-01,2366.919,110.09,86,New Year
2022-02-01,1298.31,28.21,75,None
2022-03-01,149.805,36.69,51,None
2022-04-01,3916.2356,102.09,73,Ugadi
2022-05-01,2065.3116,68.15,69,None
2022-06-01,3029.39,127.54,108,None
2022-07-01,788.3072,29.46,143,None
2022-08-01,2566.659,102.03,151,Independence Day
2022-09-01,575.2512,53.62,89,None
2022-10-01,1464.76,109.49,106,Diwali
2022-11-01,617.8624,50.85,109,None
2022-12-01,792.302,28.04,112,Christmas
2023-01-01,505.3422,17.91,66,New Year
2023-02-01,1470.0864,58.27,137,None
2023-03-01,467.3916,45.28,85,None
2023-04-01,551.2824,73.17,75,Ugadi
2023-05-01,154.4656,30.36,68,None
2023-06-01,885.514,53.01,88,None
2023-07-01,633.8416,42.56,150,None
2023-08-01,1783.6782,36.78,109,Independence Day
2023-09-01,2603.278,64.84,74,None
2023-10-01,605.878,33.41,72,Diwali
2023-11-01,848.895,18.09,70,None
2023-12-01,447.4176,17.72,99,Christmas
2024-01-01,3315.0182,112.37,61,New Year
2024-02-01,4264.449,38.92,125,None
2024-03-01,934.7832,18.91,68,None
2024-04-01,3178.5292,61.58,97,Ugadi
2024-05-01,718.3982,23.54,63,None
2024-06-01,311.5944,17.97,110,None
2024-07-01,579.246,15.63,116,None
2024-08-01,1506.0396,62.95,81,Independence Day
2024-09-01,978.726,93.91,78,None
2024-10-01,1038.648,60.2,72,Diwali
2024-11-01,701.7532,13.42,98,None
2024-12-01,2614.5966,107.07,131,Christmas
